{
  "States": [
    [
      0.0,
      1.0,
      2.0,
      3.0,
      4.0,
      5.0,
      6.0,
      7.0,
      8.0,
      9.0,
      10.0,
      11.0,
      12.0,
      13.0,
      14.0,
      15.0,
      16.0,
      17.0,
      18.0,
      19.0,
      20.0,
      21.0,
      22.0,
      23.0,
      24.0,
      25.0,
      26.0,
      27.0,
      28.0,
      29.0,
      30.0,
      31.0
    ]
  ],
  "State space names": [
    "StateDim0",
    "StateDim1",
    "StateDim2"
  ],
  "State designations": [
    "x0",
    "x1",
    "x2",
    "x3",
    "x4",
    "x5",
    "x6",
    "x7",
    "x8",
    "x9",
    "x10",
    "x11",
    "x12",
    "x13",
    "x14",
    "x15",
    "x16",
    "x17",
    "x18",
    "x19",
    "x20",
    "x21",
    "x22",
    "x23",
    "x24",
    "x25",
    "x26",
    "x27",
    "x28",
    "x29",
    "x30",
    "x31"
  ],
  "Initial state vector": [
    1.0,
    0.0,
    0.0,
    0.0,
    0.0,
    0.0,
    0.0,
    0.0,
    0.0,
    0.0,
    0.0,
    0.0,
    0.0,
    0.0,
    0.0,
    0.0,
    0.0,
    0.0,
    0.0,
    0.0,
    0.0,
    0.0,
    0.0,
    0.0,
    0.0,
    0.0,
    0.0,
    0.0,
    0.0,
    0.0,
    0.0,
    0.0
  ],
  "Factor space names": [
    "FactorDim0",
    "FactorDim1",
    "FactorDim2"
  ],
  "Factors": [
    [
	[
      2.0,
      1.0
    ],
    [
      2.0,
      2.0
    ],
    [
      2.0,
      8.0
    ],
    [
      5.0,
      1.0
    ],
    [
      5.0,
      2.0
    ],
    [
      5.0,
      8.0
    ],
    [
      8.0,
      1.0
    ],
    [
      8.0,
      2.0
    ],
    [
      8.0,
      8.0
    ]
	]
  ],
  "Factor probabilities": [
    [
      0.17361111099982637,
      0.1157407406667824,
      0.0578703703333912,
      0.1527777779998472,
      0.10185185200010184,
      0.05092592600005092,
      0.17361111099982637,
      0.1157407406667824,
      0.0578703703333912
    ]
  ],
  "Transition functions": [
    [
      "def  transition_function1(state, factor):   ",
      "    return max(min(state + factor[1] * 1.0, 30 * 1.0) - factor[0] , 0)",
      " "
    ]
  ]
}